<?xml version="1.0" encoding="UTF-8" standalone="no"?>
<componentDescriptor xmlns="http://www.ddci.com/cdoptions" xmlns:xsi="http://www.w3.org/2001/XMLSchema-instance" xsi:schemaLocation="ddci:/xsd/componentDescriptor.xsd http://www.ddci.com/cdoptions">
  <depend>ansi</depend>
  <depend>dart</depend>
  <depend>kernel</depend>
  <depend>math</depend>
  <depend>mtl</depend>
  <depend>printx</depend>
  <depend>sal</depend>
  <depend>video</depend>
  <itFile>udp-vs-tcp.pd.xml</itFile>
  <kernelFile>mailbox-transport.config</kernelFile>
  <kernelFile>udp-vs-tcp.exe</kernelFile>
</componentDescriptor>
