<?xml version="1.0" encoding="UTF-8" standalone="no"?>
<componentDescriptor xmlns="http://www.ddci.com/cdoptions" xmlns:xsi="http://www.w3.org/2001/XMLSchema-instance" xsi:schemaLocation="ddci:/xsd/componentDescriptor.xsd http://www.ddci.com/cdoptions">
  <depend registry="platreg">printx</depend>
  <depend registry="platreg">udp-vs-tcp</depend>
  <depend>standard-apps</depend>
  <itFile>cffs.fp.xml</itFile>
  <itFile>platreg.pi.xml</itFile>
  <kernelFile>names.dat</kernelFile>
  <kernelFile>platreg-names.dat</kernelFile>
  <kernelFile>platreg.bin</kernelFile>
  <kernelFile>platregd-names.dat</kernelFile>
  <kernelFile>platregd.bin</kernelFile>
</componentDescriptor>
