<?xml version = "1.0" encoding="ISO-8859-1"?>
<featureSet
     name = "CFFS"
     versionNumber = "2.0.0"
     validityKey = "264663387"
     comment = "Platform resources needed by the CFFS Examples"
     toolVersion = "3.31.0"
     xmlns:xsi = "http://www.w3.org/2001/XMLSchema-instance"
     xsi:noNamespaceSchemaLocation = "ddci:/xsd/fp.xsd"
   >
<!--

To use CFFS on a platform, one must define several RAM based Platform
Resources.  At a minimum:

  - A read-only Server Metadata Resource

  - A read-write Server Metadata Resource that resides at the
    *exact same* address range as the read-only Server Metadata
    Resource.

  - A Client Access Resource

The above will allow the a CFFS client and server to pass file I/O
requests back and forth.

This Feature Provider file specifies sizes for the above sufficiently
large to execute the cffs-examples package on any supporting platform.
To do this, it takes a "lowest common denominator" approach where the
memory sizes chosen are as small as possible in order to fit on memory
constrained platforms.

It is up to each supporting BSP's make file to specify the physical
addresses of these resources.  If you are looking at a copy of this
XML file where a "value" attribute field below has an actual
hexadecimal number, than you are a winner, and somebody or some make
file has filled in the magic numbers for you.  If you instead see
something like CFFS_RAM_RX_startAddress rather than hexadecimal
numbers, you will need to replace these placeholder tokens with actual
hex numbers suitable for the platform.

For more information: desk/help/cffs-user-guide.htm

-->
   <feature
        name = "oncePerPlatform"
        description = "Define CFFS Examples Platform Resources"
      >
<!--

The read-only Server Metadata Resource

Duplication Warning: The name chosen must match that chosen in cffsapi.fp.xml.

-->
      <action
           name = "memoryMappedResource"
           method = "add"
         >
         <methodParameter
              parameterName = "name"
              value = "^CFFS_RAM_RO^"
         ></methodParameter>
         <methodParameter
              parameterName = "startAddress"
              value = "0x00400000"
         ></methodParameter>
         <methodParameter
              parameterName = "lengthInBytes"
              value = "0x400000"
         ></methodParameter>
         <methodParameter
              parameterName = "accessRights"
              value = "^r^"
         ></methodParameter>
         <methodParameter
              parameterName = "allowMultipleOwners"
              value = "^yes^"
         ></methodParameter>
         <methodParameter
              parameterName = "cacheMode"
              value = "^writeBack^"
         ></methodParameter>
         <methodParameter
              parameterName = "resourceOverlapList"
              value = "^CFFS_RAM_RW^"
         ></methodParameter>
      </action>
<!--

The read-write Server Metadata Resource

The 'startAddress' and 'lengthInBytes' must match that specified for CFFS_RAM_RO.

Duplication Warning: The name chosen must match that chosen in cffsserver.pd.xml.

-->
      <action
           name = "memoryMappedResource"
           method = "add"
         >
         <methodParameter
              parameterName = "name"
              value = "^CFFS_RAM_RW^"
         ></methodParameter>
         <methodParameter
              parameterName = "startAddress"
              value = "0x00400000"
         ></methodParameter>
         <methodParameter
              parameterName = "lengthInBytes"
              value = "0x400000"
         ></methodParameter>
         <methodParameter
              parameterName = "accessRights"
              value = "^rw^"
         ></methodParameter>
         <methodParameter
              parameterName = "allowMultipleOwners"
              value = "^no^"
         ></methodParameter>
         <methodParameter
              parameterName = "cacheMode"
              value = "^writeBack^"
         ></methodParameter>
         <methodParameter
              parameterName = "resourceOverlapList"
              value = "^CFFS_RAM_RO^"
         ></methodParameter>
      </action>
      <action
           name = "memoryMappedResource"
           method = "add"
         >
         <methodParameter
              parameterName = "name"
              value = "^cffs-simple^"
         ></methodParameter>
         <methodParameter
              parameterName = "startAddress"
              value = "0x801000"
         ></methodParameter>
         <methodParameter
              parameterName = "lengthInBytes"
              value = "0x800000"
         ></methodParameter>
         <methodParameter
              parameterName = "accessRights"
              value = "^rw^"
         ></methodParameter>
         <methodParameter
              parameterName = "allowMultipleOwners"
              value = "^yes^"
         ></methodParameter>
         <methodParameter
              parameterName = "cacheMode"
              value = "^writeBack^"
         ></methodParameter>
         <methodParameter
              parameterName = "resourceOverlapList"
              value = "^^"
         ></methodParameter>
      </action>
      <action
           name = "memoryMappedResource"
           method = "add"
         >
         <methodParameter
              parameterName = "name"
              value = "^cffsftp^"
         ></methodParameter>
         <methodParameter
              parameterName = "startAddress"
              value = "0x1002000"
         ></methodParameter>
         <methodParameter
              parameterName = "lengthInBytes"
              value = "0x100000"
         ></methodParameter>
         <methodParameter
              parameterName = "accessRights"
              value = "^rw^"
         ></methodParameter>
         <methodParameter
              parameterName = "allowMultipleOwners"
              value = "^yes^"
         ></methodParameter>
         <methodParameter
              parameterName = "cacheMode"
              value = "^writeBack^"
         ></methodParameter>
         <methodParameter
              parameterName = "resourceOverlapList"
              value = "^^"
         ></methodParameter>
      </action>
      <action
           name = "memoryMappedResource"
           method = "add"
         >
         <methodParameter
              parameterName = "name"
              value = "^CFFS_STORAGE_MEDIA^"
         ></methodParameter>
         <methodParameter
              parameterName = "startAddress"
              value = "0x1103000"
         ></methodParameter>
         <methodParameter
              parameterName = "lengthInBytes"
              value = "0x2000000"
         ></methodParameter>
         <methodParameter
              parameterName = "accessRights"
              value = "^rw^"
         ></methodParameter>
         <methodParameter
              parameterName = "allowMultipleOwners"
              value = "^no^"
         ></methodParameter>
         <methodParameter
              parameterName = "cacheMode"
              value = "^writeBack^"
         ></methodParameter>
         <methodParameter
              parameterName = "resourceOverlapList"
              value = "^^"
         ></methodParameter>
      </action>
   </feature>
</featureSet>
