<?xml version = "1.0" encoding="ISO-8859-1"?>
<featureSet
     name = "DeosKernel"
     versionNumber = "9999.1.21"
     validityKey = "-1901272223"
     comment = "The Deos Kernel."
     toolVersion = "3.31.0"
     xmlns:xsi = "http://www.w3.org/2001/XMLSchema-instance"
     xsi:noNamespaceSchemaLocation = "ddci:/xsd/fp.xsd"
   >
   <feature
        name = "oncePerPlatform"
        description = "Kernel object sizes"
      >
      <action
           name = "schema"
           method = "add"
         >
         <methodParameter
              parameterName = "schema"
              value = "27"
         ></methodParameter>
      </action>
      <action
           name = "kernelSizes"
           method = "add"
         >
         <methodParameter
              parameterName = "platform"
              value = "^All x86 platforms^"
         ></methodParameter>
         <methodParameter
              parameterName = "event"
              value = "448"
         ></methodParameter>
         <methodParameter
              parameterName = "resource"
              value = "192"
         ></methodParameter>
         <methodParameter
              parameterName = "semaphore"
              value = "256"
         ></methodParameter>
         <methodParameter
              parameterName = "process"
              value = "704"
         ></methodParameter>
         <methodParameter
              parameterName = "mutex"
              value = "320"
         ></methodParameter>
         <methodParameter
              parameterName = "idleProcessRAM"
              value = "8192"
         ></methodParameter>
         <methodParameter
              parameterName = "attachedMemoryObject"
              value = "128"
         ></methodParameter>
         <methodParameter
              parameterName = "mailbox"
              value = "768"
         ></methodParameter>
         <methodParameter
              parameterName = "envelope"
              value = "192"
         ></methodParameter>
         <methodParameter
              parameterName = "thread"
              value = "5312"
         ></methodParameter>
         <methodParameter
              parameterName = "memoryObject"
              value = "320"
         ></methodParameter>
         <methodParameter
              parameterName = "kernelDataBSS"
              value = "5912"
         ></methodParameter>
         <methodParameter
              parameterName = "kernelText"
              value = "156226"
         ></methodParameter>
         <methodParameter
              parameterName = "names"
              value = "56"
         ></methodParameter>
      </action>
   </feature>
</featureSet>
