<?xml version = "1.0" encoding="ISO-8859-1"?>
<processTemplate
     name = "gdbserver"
     mailboxQuota = "1"
     systemMemoryObjectQuota = "0"
     validityKey = "224482366"
     breakAtStartup = "no"
     mutexQuota = "0"
     semaphoreQuota = "0"
     envelopeQuota = "6"
     memoryObjectQuota = "1"
     crcAtProcessCreation = "no"
     largestAMOSizeInPages = "1"
     nameQuota = "2"
     toolVersion = "3.31.0"
     inDebugSet = "no"
     attachedMemoryObjectQuota = "2"
     eventQuota = "1"
     executeFromRAM = "no"
     threadQuota = "1"
     comment = ""
     addlRamPagesForExecuteOutOfRam = "25"
     executableName = "gdbserver.exe"
     attachedResourceQuota = "0"
     threadStackVASGap = "no"
     tlsSpaceInBytes = "0"
     addTLSToStack = "no"
     argumentQuota = "0"
     pipc_consumeHandlePrefix = "deprecated"
     pipc_produceHandlePrefix = "deprecated"
     pipc_declareConsumeFail = "deprecated"
     pipc_declareProduceFail = "deprecated"
     pipc_includeFileFail = "deprecated"
     pipc_initializeConsumeHandles = "no"
     pipc_codeStyle = "C"
     capabilities = "interprocessInterrogationServices"
     exceptionHandlerProtocolVersion = "1"
     xmlns:xsi = "http://www.w3.org/2001/XMLSchema-instance"
     xsi:noNamespaceSchemaLocation = "ddci:/xsd/pd.xsd"
   >
   <logicalMemoryPools>
      <pool
           platformMemoryPool = "0"
           id = "0"
           name = ""
           pagesNeeded = "26"
           initialPool = "yes"
           singleMappingRequired = "no"
      ></pool>
   </logicalMemoryPools>
   <usedFeatureSets>
      <usedFeatureSet
           name = "libansi"
           versionRequirement = "none"
           versionNumber = "none"
           featureSetUndefinedAction = "error"
         >
      </usedFeatureSet>
   </usedFeatureSets>
   <processInstances>
      <processInstance
           name = "gdbserver"
           dataParameter = "0"
           autoCreated = "no"
           username = "default"
           groupname = "default"
           reservedProcessNames = ""
           reservedMemoryObjectNames = ""
           argvCommandLineParameters = ""
           envpCommandLineParameters = ""
         >
         <autoCreatedMemoryObjects>
            <autoCreatedMemoryObject
                 name = "DEBUG_GROUP"
                 initializeToZeros = "yes"
                 accessRights = "rw"
                 sizeInPages = "1"
                 platformMemoryPool = "0"
            ></autoCreatedMemoryObject>
         </autoCreatedMemoryObjects>
      </processInstance>
   </processInstances>
   <threadTemplates>
      <threadTemplate
           name = "mainThreadTemplate"
           budget = "minimum"
           instanceCount = "1"
           slackEnabled = "yes"
           stackSizeInPages = "2"
           period = "slowest"
           namesOfMutexesLocked = ""
           usedToCreateISRThread = "no"
           schedulerName = "default-core-0"
      ></threadTemplate>
   </threadTemplates>
   <threadNames>
      <threadName
           name = "gdbserverPrimary"
           primaryThread = "yes"
           period = "slowest"
           schedulerName = "default-core-0"
      ></threadName>
   </threadNames>
</processTemplate>
