<?xml version = "1.0" encoding="ISO-8859-1"?>
<processTemplate
     name = "INetD"
     mailboxQuota = "2"
     systemMemoryObjectQuota = "1"
     validityKey = "-966485978"
     breakAtStartup = "no"
     mutexQuota = "2"
     semaphoreQuota = "0"
     envelopeQuota = "10"
     memoryObjectQuota = "3"
     crcAtProcessCreation = "no"
     largestAMOSizeInPages = "1"
     nameQuota = "6"
     toolVersion = "3.31.0"
     inDebugSet = "no"
     attachedMemoryObjectQuota = "3"
     eventQuota = "1"
     executeFromRAM = "no"
     threadQuota = "3"
     comment = ""
     addlRamPagesForExecuteOutOfRam = "2"
     executableName = "inetd.exe"
     attachedResourceQuota = "0"
     threadStackVASGap = "no"
     tlsSpaceInBytes = "0"
     addTLSToStack = "no"
     argumentQuota = "0"
     pipc_consumeHandlePrefix = "deprecated"
     pipc_produceHandlePrefix = "deprecated"
     pipc_declareConsumeFail = "deprecated"
     pipc_declareProduceFail = "deprecated"
     pipc_includeFileFail = "deprecated"
     pipc_initializeConsumeHandles = "no"
     pipc_codeStyle = "C"
     capabilities = "interprocessInterrogationServices, systemQuotaAccess"
     exceptionHandlerProtocolVersion = "1"
     xmlns:xsi = "http://www.w3.org/2001/XMLSchema-instance"
     xsi:noNamespaceSchemaLocation = "ddci:/xsd/pd.xsd"
   >
   <logicalMemoryPools>
      <pool
           platformMemoryPool = "0"
           id = "0"
           name = ""
           pagesNeeded = "23"
           initialPool = "yes"
           singleMappingRequired = "no"
      ></pool>
   </logicalMemoryPools>
   <usedFeatureSets>
      <usedFeatureSet
           name = "libansi"
           versionRequirement = "major"
           versionNumber = "4.1.0"
           featureSetUndefinedAction = "error"
         >
      </usedFeatureSet>
   </usedFeatureSets>
   <childProcesses>
      <childProcessGroup
           name = "system"
           quotaSource = "system"
           simultaneousCreations = "5"
         >
         <childProcess
              processTemplateToCreateWith = "gdbserver"
              maximumInstances = "5"
         ></childProcess>
      </childProcessGroup>
   </childProcesses>
   <processInstances>
      <processInstance
           name = "INetD"
           dataParameter = "0"
           autoCreated = "yes"
           username = "default"
           groupname = "default"
           reservedProcessNames = ""
           reservedMemoryObjectNames = ""
           argvCommandLineParameters = ""
           envpCommandLineParameters = ""
         >
      </processInstance>
   </processInstances>
   <threadTemplates>
      <threadTemplate
           name = "mainThreadTemplate"
           budget = "550"
           instanceCount = "1"
           slackEnabled = "yes"
           stackSizeInPages = "1"
           period = "slowest"
           namesOfMutexesLocked = ""
           usedToCreateISRThread = "no"
           schedulerName = "default-core-0"
      ></threadTemplate>
   </threadTemplates>
   <mutexTemplates>
      <mutexTemplate
           name = "DEBUG_GROUP"
           lockTimeInUsec = "300"
           priority = "slowest"
      ></mutexTemplate>
      <mutexTemplate
           name = "socket"
           lockTimeInUsec = "300"
           priority = "slowest"
      ></mutexTemplate>
   </mutexTemplates>
   <threadNames>
      <threadName
           name = "INetDPrimary"
           primaryThread = "yes"
           period = "slowest"
           schedulerName = "default-core-0"
      ></threadName>
   </threadNames>
</processTemplate>
