<?xml version = "1.0" encoding="ISO-8859-1"?>
<featureSet
     name = "libansi"
     versionNumber = "4.6.0"
     validityKey = "761899345"
     comment = "libansi features (including sizes and TLS quota)"
     toolVersion = "3.31.0"
     xmlns:xsi = "http://www.w3.org/2001/XMLSchema-instance"
     xsi:noNamespaceSchemaLocation = "ddci:/xsd/fp.xsd"
   >
   <feature
        name = "oncePerUsingProcessTemplate"
        description = "libansi usage required by each Deos process"
      >
      <action
           name = "pool"
           method = "adjust"
         >
         <methodParameter
              parameterName = "pagesNeeded"
              value = "1"
         ></methodParameter>
         <methodParameter
              parameterName = "scope"
              value = "processTemplate = ^usingProcessTemplate^ and initialPool = ^yes^"
         ></methodParameter>
      </action>
      <action
           name = "processTemplate"
           method = "adjust"
         >
         <methodParameter
              parameterName = "addlRamPagesForExecuteOutOfRam"
              value = "7"
         ></methodParameter>
         <methodParameter
              parameterName = "scope"
              value = "name = ^usingProcessTemplate^"
         ></methodParameter>
      </action>
      <action
           name = "processTemplate"
           method = "adjust"
         >
         <methodParameter
              parameterName = "tlsSpaceInBytes"
              value = "4"
         ></methodParameter>
         <methodParameter
              parameterName = "scope"
              value = "name = ^usingProcessTemplate^"
         ></methodParameter>
      </action>
   </feature>
</featureSet>
