<?xml version = "1.0" encoding="ISO-8859-1"?>
<featureSet
     name = "libsal"
     versionNumber = "2.4.1"
     validityKey = "1028134680"
     comment = "libsal features (including sizes)"
     toolVersion = "3.31.0"
     xmlns:xsi = "http://www.w3.org/2001/XMLSchema-instance"
     xsi:noNamespaceSchemaLocation = "ddci:/xsd/fp.xsd"
   >
   <feature
        name = "oncePerUsingProcessTemplate"
        description = "libsal usage required by each Deos process"
      >
      <action
           name = "pool"
           method = "adjust"
         >
         <methodParameter
              parameterName = "pagesNeeded"
              value = "1"
         ></methodParameter>
         <methodParameter
              parameterName = "scope"
              value = "processTemplate = ^usingProcessTemplate^ and initialPool = ^yes^"
         ></methodParameter>
      </action>
      <action
           name = "processTemplate"
           method = "adjust"
         >
         <methodParameter
              parameterName = "addlRamPagesForExecuteOutOfRam"
              value = "3"
         ></methodParameter>
         <methodParameter
              parameterName = "scope"
              value = "name = ^usingProcessTemplate^"
         ></methodParameter>
      </action>
      <usedFeatureSetAction
           featureSetName = "libansi"
           featureName = "oncePerUsingProcessTemplate"
           featureSetUndefinedAction = "error"
           usingProcessTemplate = ""
      ></usedFeatureSetAction>
      <usedFeatureSetAction
           featureSetName = "libmtl"
           featureName = "oncePerUsingProcessTemplate"
           featureSetUndefinedAction = "error"
           usingProcessTemplate = ""
      ></usedFeatureSetAction>
   </feature>
</featureSet>
