<?xml version = "1.0" encoding="ISO-8859-1"?>
<processTemplate
     name = "lwIP"
     mailboxQuota = "25"
     systemMemoryObjectQuota = "10"
     validityKey = "1422808801"
     breakAtStartup = "no"
     mutexQuota = "14"
     semaphoreQuota = "300"
     envelopeQuota = "50"
     memoryObjectQuota = "10"
     crcAtProcessCreation = "no"
     largestAMOSizeInPages = "20"
     nameQuota = "10"
     toolVersion = "3.31.0"
     inDebugSet = "no"
     attachedMemoryObjectQuota = "10"
     eventQuota = "34"
     executeFromRAM = "no"
     threadQuota = "20"
     comment = "lwip for qemu-x86"
     addlRamPagesForExecuteOutOfRam = "0"
     executableName = "lwip.exe"
     attachedResourceQuota = "20"
     threadStackVASGap = "yes"
     tlsSpaceInBytes = "0"
     addTLSToStack = "no"
     argumentQuota = "0"
     pipc_consumeHandlePrefix = "deprecated"
     pipc_produceHandlePrefix = "deprecated"
     pipc_declareConsumeFail = "deprecated"
     pipc_declareProduceFail = "deprecated"
     pipc_includeFileFail = "deprecated"
     pipc_initializeConsumeHandles = "no"
     pipc_codeStyle = "C"
     capabilities = "interprocessInterrogationServices, systemQuotaAccess"
     exceptionHandlerProtocolVersion = "1"
     xmlns:xsi = "http://www.w3.org/2001/XMLSchema-instance"
     xsi:noNamespaceSchemaLocation = "ddci:/xsd/pd.xsd"
   >
   <logicalMemoryPools>
      <pool
           platformMemoryPool = "0"
           id = "0"
           name = ""
           pagesNeeded = "500"
           initialPool = "yes"
           singleMappingRequired = "no"
      ></pool>
   </logicalMemoryPools>
   <processInstances>
      <processInstance
           name = "Network"
           dataParameter = "0"
           autoCreated = "yes"
           username = "default"
           groupname = "default"
           reservedProcessNames = ""
           reservedMemoryObjectNames = ""
           argvCommandLineParameters = ""
           envpCommandLineParameters = ""
         >
         <ownedMemoryMappedResources>
            <ownedMemoryMappedResource
                 name = "NetworkBuffers"
                 accessRights = "rw"
                 useResourceConstraints = "no"
                 minimumSizeInBytes = "0x0"
                 maximumSizeInBytes = "0x0"
            ></ownedMemoryMappedResource>
         </ownedMemoryMappedResources>
      </processInstance>
   </processInstances>
   <threadTemplates>
      <threadTemplate
           name = "ISR"
           budget = "200"
           instanceCount = "1"
           slackEnabled = "yes"
           stackSizeInPages = "3"
           period = "fastest"
           namesOfMutexesLocked = ""
           usedToCreateISRThread = "yes"
           schedulerName = "default-core-0"
      ></threadTemplate>
      <threadTemplate
           name = "RemoteCalls"
           budget = "430"
           instanceCount = "1"
           slackEnabled = "yes"
           stackSizeInPages = "2"
           period = "slowest"
           namesOfMutexesLocked = ""
           usedToCreateISRThread = "no"
           schedulerName = "default-core-0"
      ></threadTemplate>
      <threadTemplate
           name = "lwipHelper"
           budget = "370"
           instanceCount = "1"
           slackEnabled = "yes"
           stackSizeInPages = "3"
           period = "fastest"
           namesOfMutexesLocked = ""
           usedToCreateISRThread = "no"
           schedulerName = "default-core-0"
      ></threadTemplate>
      <threadTemplate
           name = "mainThreadTemplate"
           budget = "250"
           instanceCount = "1"
           slackEnabled = "yes"
           stackSizeInPages = "3"
           period = "fastest"
           namesOfMutexesLocked = ""
           usedToCreateISRThread = "no"
           schedulerName = "default-core-0"
      ></threadTemplate>
      <threadTemplate
           name = "stats"
           budget = "110"
           instanceCount = "1"
           slackEnabled = "yes"
           stackSizeInPages = "2"
           period = "slowest"
           namesOfMutexesLocked = ""
           usedToCreateISRThread = "no"
           schedulerName = "default-core-0"
      ></threadTemplate>
      <threadTemplate
           name = "userServiceThread"
           budget = "400"
           instanceCount = "6"
           slackEnabled = "yes"
           stackSizeInPages = "2"
           period = "slowest"
           namesOfMutexesLocked = ""
           usedToCreateISRThread = "no"
           schedulerName = "default-core-0"
      ></threadTemplate>
   </threadTemplates>
   <mutexTemplates>
      <mutexTemplate
           name = "threadRegistry"
           lockTimeInUsec = "40"
           priority = "fastest"
      ></mutexTemplate>
   </mutexTemplates>
</processTemplate>
