<?xml version = "1.0" encoding="ISO-8859-1"?>
<featureSet
     name = "VideoFeatureSet"
     versionNumber = "1.0.0"
     validityKey = "828022545"
     comment = ""
     toolVersion = "3.31.0"
     xmlns:xsi = "http://www.w3.org/2001/XMLSchema-instance"
     xsi:noNamespaceSchemaLocation = "ddci:/xsd/fp.xsd"
   >
   <feature
        name = "memoryObjectBasedChannel"
        description = "Create a named Deos shared memory object for use as a video stream channel from platform memory pool 0."
      >
      <featureParameter
           name = "moName"
           description = "Name of the memory object."
      ></featureParameter>
      <featureParameter
           name = "processInstanceName"
           description = "Name of the process instance that will own this Deos shared memory object"
      ></featureParameter>
      <action
           name = "processTemplate"
           method = "adjust"
         >
         <methodParameter
              parameterName = "nameQuota"
              value = "1"
         ></methodParameter>
         <methodParameter
              parameterName = "scope"
              value = "name = ^usingProcessTemplate^"
         ></methodParameter>
      </action>
      <action
           name = "processTemplate"
           method = "adjust"
         >
         <methodParameter
              parameterName = "attachedMemoryObjectQuota"
              value = "1"
         ></methodParameter>
         <methodParameter
              parameterName = "scope"
              value = "name = ^usingProcessTemplate^"
         ></methodParameter>
      </action>
      <action
           name = "autoCreatedMemoryObject"
           method = "add"
         >
         <methodParameter
              parameterName = "processTemplate"
              value = "^usingProcessTemplate^"
         ></methodParameter>
         <methodParameter
              parameterName = "processInstance"
              value = "^processInstanceName^"
         ></methodParameter>
         <methodParameter
              parameterName = "name"
              value = "^moName^"
         ></methodParameter>
         <methodParameter
              parameterName = "initializeToZeros"
              value = "^no^"
         ></methodParameter>
         <methodParameter
              parameterName = "accessRights"
              value = "^r^"
         ></methodParameter>
         <methodParameter
              parameterName = "sizeInPages"
              value = "1"
         ></methodParameter>
         <methodParameter
              parameterName = "scope"
              value = "name = ^usingProcessTemplate^"
         ></methodParameter>
         <methodParameter
              parameterName = "platformMemoryPool"
              value = "^0^"
         ></methodParameter>
      </action>
   </feature>
</featureSet>
