<?xml version = "1.0" encoding="ISO-8859-1"?>
<platform
     name = "qemu-x86"
     validityKey = "-456087477"
     comment = ""
     toolVersion = "3.31.0"
     xmlns:xsi = "http://www.w3.org/2001/XMLSchema-instance"
     xsi:noNamespaceSchemaLocation = "ddci:/xsd/pi.xsd"
   >
   <platformAttributes
        systemTickInUsec = "12500"
        debugServicesPassword = "DEOS"
        coldstartThresholdInMs = "200"
        forceAllExeRAM = "no"
        debugServicesHonored = "no"
        pageSizeInBytes = "4096"
        kernelModeInterruptUsec = "0"
        architecture = "x86"
        numberOfCores = "1"
        windowActivationTableLengthInUsec = "0"
        windowTimerErrorUsec = "0"
   ></platformAttributes>
   <kernelAttributes
        timerOffTimeInUsec = "15"
        stackTagIntervalInBytes = "40"
        processLogBytes = "480"
        schedulingLogBytes = "96000"
        exceptionLogBytes = "160"
        frameJitterUsec = "40"
        contextSwitchInUsec = "50"
        cacheBonusUsec = "53"
        requiredPadPerThreadUsec = "65"
        systemTickHandlerUsec = "183"
        executeFromRAM = "no"
        downloadModeRegistry = "no"
        VASSize = "32-bit"
   ></kernelAttributes>
   <platformMemoryPools>
      <platformMemoryPool
           id = "0"
           aliases = "system-memory-pool"
         >
         <platformMemoryPoolRange
              startingPhysicalAddress = "0x0"
              sizeInPages = "0x2000"
              blockSizeInPages = "0x1"
              gapSizeInPages = "0x0"
              offsetSizeInPages = "0x0"
              range0 = "yes"
         ></platformMemoryPoolRange>
      </platformMemoryPool>
   </platformMemoryPools>
   <resources>
      <interrupts>
         <interrupt
              name = "apic thread timer"
              interruptType = "systemReserved"
              schedulingPriority = "0"
              platformInterruptNumber = "0"
         ></interrupt>
         <interrupt
              name = "apic ipi"
              interruptType = "systemReserved"
              schedulingPriority = "0"
              platformInterruptNumber = "1"
         ></interrupt>
         <interrupt
              name = "cascade"
              interruptType = "systemReserved"
              schedulingPriority = "0"
              platformInterruptNumber = "2"
         ></interrupt>
         <interrupt
              name = "unassigned3"
              interruptType = "userOwnable"
              schedulingPriority = "0"
              platformInterruptNumber = "3"
         ></interrupt>
         <interrupt
              name = "unassigned4"
              interruptType = "userOwnable"
              schedulingPriority = "0"
              platformInterruptNumber = "4"
         ></interrupt>
         <interrupt
              name = "unassigned5"
              interruptType = "userOwnable"
              schedulingPriority = "0"
              platformInterruptNumber = "5"
         ></interrupt>
         <interrupt
              name = "unassigned6"
              interruptType = "userOwnable"
              schedulingPriority = "0"
              platformInterruptNumber = "6"
         ></interrupt>
         <interrupt
              name = "spurious"
              interruptType = "userOwnable"
              schedulingPriority = "0"
              platformInterruptNumber = "7"
         ></interrupt>
         <interrupt
              name = "unassigned8"
              interruptType = "userOwnable"
              schedulingPriority = "0"
              platformInterruptNumber = "8"
         ></interrupt>
         <interrupt
              name = "unassigned9"
              interruptType = "userOwnable"
              schedulingPriority = "1"
              platformInterruptNumber = "9"
         ></interrupt>
         <interrupt
              name = "unassigned10"
              interruptType = "userOwnable"
              schedulingPriority = "0"
              platformInterruptNumber = "10"
         ></interrupt>
         <interrupt
              name = "virtio ethernet"
              interruptType = "userOwnable"
              schedulingPriority = "0"
              platformInterruptNumber = "11"
         ></interrupt>
         <interrupt
              name = "unassigned12"
              interruptType = "userOwnable"
              schedulingPriority = "0"
              platformInterruptNumber = "12"
         ></interrupt>
         <interrupt
              name = "unassigned13"
              interruptType = "userOwnable"
              schedulingPriority = "0"
              platformInterruptNumber = "13"
         ></interrupt>
         <interrupt
              name = "unassigned14"
              interruptType = "userOwnable"
              schedulingPriority = "0"
              platformInterruptNumber = "14"
         ></interrupt>
         <interrupt
              name = "unassigned15"
              interruptType = "userOwnable"
              schedulingPriority = "0"
              platformInterruptNumber = "15"
         ></interrupt>
         <interrupt
              name = "apic wat timer"
              interruptType = "systemReserved"
              schedulingPriority = "0"
              platformInterruptNumber = "16"
         ></interrupt>
      </interrupts>
      <memoryMappedResources>
         <memoryMappedResource
              name = "simulatedHardware"
              startAddress = "0x90000"
              lengthInBytes = "0x10000"
              accessRights = "rw"
              allowMultipleOwners = "no"
              cacheMode = "off"
              resourceOverlapList = ""
            >
         </memoryMappedResource>
         <memoryMappedResource
              name = "Virtio Ethernet Shared Memory"
              startAddress = "0x120000"
              lengthInBytes = "0x10000"
              accessRights = "rw"
              allowMultipleOwners = "no"
              cacheMode = "writeBack"
              resourceOverlapList = ""
            >
         </memoryMappedResource>
         <memoryMappedResource
              name = "TestResults"
              startAddress = "0x1F2000"
              lengthInBytes = "0x6000"
              accessRights = "rw"
              allowMultipleOwners = "yes"
              cacheMode = "writeBack"
              resourceOverlapList = ""
            >
         </memoryMappedResource>
         <memoryMappedResource
              name = "SCATHitmap"
              startAddress = "0x1F8000"
              lengthInBytes = "0x8000"
              accessRights = "rw"
              allowMultipleOwners = "no"
              cacheMode = "off"
              resourceOverlapList = ""
            >
         </memoryMappedResource>
         <memoryMappedResource
              name = "NetworkBuffers"
              startAddress = "0x200000"
              lengthInBytes = "0x100000"
              accessRights = "rw"
              allowMultipleOwners = "yes"
              cacheMode = "writeThru"
              resourceOverlapList = ""
            >
         </memoryMappedResource>
         <memoryMappedResource
              name = "Virtio PCI Ethernet Controller"
              startAddress = "0xFE000000"
              lengthInBytes = "0x4000"
              accessRights = "rw"
              allowMultipleOwners = "no"
              cacheMode = "writeThru"
              resourceOverlapList = ""
            >
         </memoryMappedResource>
      </memoryMappedResources>
      <ioMemoryResources>
         <ioMemoryResource
              name = "master DMA"
              startAddress = "0x0"
              lengthInBytes = "0x20"
              accessRights = "rw"
              allowMultipleOwners = "no"
            >
         </ioMemoryResource>
         <ioMemoryResource
              name = "master 8259A"
              startAddress = "0x20"
              lengthInBytes = "0x2"
              accessRights = "rw"
              allowMultipleOwners = "no"
            >
         </ioMemoryResource>
         <ioMemoryResource
              name = "timer 1"
              startAddress = "0x40"
              lengthInBytes = "0x4"
              accessRights = "rw"
              allowMultipleOwners = "no"
            >
         </ioMemoryResource>
         <ioMemoryResource
              name = "fail-safe timer"
              startAddress = "0x44"
              lengthInBytes = "0x4"
              accessRights = "rw"
              allowMultipleOwners = "no"
            >
         </ioMemoryResource>
         <ioMemoryResource
              name = "keyboard/mouse controller"
              startAddress = "0x60"
              lengthInBytes = "0x5"
              accessRights = "rw"
              allowMultipleOwners = "no"
            >
         </ioMemoryResource>
         <ioMemoryResource
              name = "real-time clock/CMOS RAM"
              startAddress = "0x70"
              lengthInBytes = "0x2"
              accessRights = "rw"
              allowMultipleOwners = "no"
            >
         </ioMemoryResource>
         <ioMemoryResource
              name = "extended CMOS RAM"
              startAddress = "0x74"
              lengthInBytes = "0x3"
              accessRights = "rw"
              allowMultipleOwners = "no"
            >
         </ioMemoryResource>
         <ioMemoryResource
              name = "DMA page register"
              startAddress = "0x80"
              lengthInBytes = "0x10"
              accessRights = "rw"
              allowMultipleOwners = "no"
            >
         </ioMemoryResource>
         <ioMemoryResource
              name = "CACP"
              startAddress = "0x90"
              lengthInBytes = "0x1"
              accessRights = "rw"
              allowMultipleOwners = "no"
            >
         </ioMemoryResource>
         <ioMemoryResource
              name = "feedback register"
              startAddress = "0x91"
              lengthInBytes = "0x1"
              accessRights = "rw"
              allowMultipleOwners = "no"
            >
         </ioMemoryResource>
         <ioMemoryResource
              name = "system control port A"
              startAddress = "0x92"
              lengthInBytes = "0x1"
              accessRights = "rw"
              allowMultipleOwners = "no"
            >
         </ioMemoryResource>
         <ioMemoryResource
              name = "adapter activation/setup register"
              startAddress = "0x96"
              lengthInBytes = "0x1"
              accessRights = "rw"
              allowMultipleOwners = "no"
            >
         </ioMemoryResource>
         <ioMemoryResource
              name = "slave 8259A"
              startAddress = "0xA0"
              lengthInBytes = "0x10"
              accessRights = "rw"
              allowMultipleOwners = "no"
            >
         </ioMemoryResource>
         <ioMemoryResource
              name = "slave DMA"
              startAddress = "0xC0"
              lengthInBytes = "0x20"
              accessRights = "rw"
              allowMultipleOwners = "no"
            >
         </ioMemoryResource>
         <ioMemoryResource
              name = "memory configuration register"
              startAddress = "0xE0"
              lengthInBytes = "0x10"
              accessRights = "rw"
              allowMultipleOwners = "no"
            >
         </ioMemoryResource>
         <ioMemoryResource
              name = "coprocessor"
              startAddress = "0xF0"
              lengthInBytes = "0x10"
              accessRights = "rw"
              allowMultipleOwners = "no"
            >
         </ioMemoryResource>
         <ioMemoryResource
              name = "POS registers 0 to 7"
              startAddress = "0x100"
              lengthInBytes = "0x8"
              accessRights = "rw"
              allowMultipleOwners = "no"
            >
         </ioMemoryResource>
         <ioMemoryResource
              name = "game adapter"
              startAddress = "0x200"
              lengthInBytes = "0x10"
              accessRights = "rw"
              allowMultipleOwners = "no"
            >
         </ioMemoryResource>
         <ioMemoryResource
              name = "2nd Parallel interface"
              startAddress = "0x278"
              lengthInBytes = "0x8"
              accessRights = "rw"
              allowMultipleOwners = "no"
            >
         </ioMemoryResource>
         <ioMemoryResource
              name = "EGA"
              startAddress = "0x2B0"
              lengthInBytes = "0x30"
              accessRights = "rw"
              allowMultipleOwners = "no"
            >
         </ioMemoryResource>
         <ioMemoryResource
              name = "COM2"
              startAddress = "0x2F8"
              lengthInBytes = "0x8"
              accessRights = "rw"
              allowMultipleOwners = "no"
            >
         </ioMemoryResource>
         <ioMemoryResource
              name = "protoype adapter"
              startAddress = "0x300"
              lengthInBytes = "0x20"
              accessRights = "rw"
              allowMultipleOwners = "no"
            >
         </ioMemoryResource>
         <ioMemoryResource
              name = "1st parallel interface"
              startAddress = "0x378"
              lengthInBytes = "0x8"
              accessRights = "rw"
              allowMultipleOwners = "no"
            >
         </ioMemoryResource>
         <ioMemoryResource
              name = "SDLC adapter"
              startAddress = "0x380"
              lengthInBytes = "0x10"
              accessRights = "rw"
              allowMultipleOwners = "no"
            >
         </ioMemoryResource>
         <ioMemoryResource
              name = "monochrome adapter"
              startAddress = "0x3B0"
              lengthInBytes = "0x4"
              accessRights = "rw"
              allowMultipleOwners = "no"
            >
         </ioMemoryResource>
         <ioMemoryResource
              name = "VGA"
              startAddress = "0x3B4"
              lengthInBytes = "0x7"
              accessRights = "rw"
              allowMultipleOwners = "no"
            >
         </ioMemoryResource>
         <ioMemoryResource
              name = "parallel interface"
              startAddress = "0x3BC"
              lengthInBytes = "0x3"
              accessRights = "rw"
              allowMultipleOwners = "no"
            >
         </ioMemoryResource>
         <ioMemoryResource
              name = "EGA/VGA"
              startAddress = "0x3C0"
              lengthInBytes = "0x20"
              accessRights = "rw"
              allowMultipleOwners = "no"
            >
         </ioMemoryResource>
         <ioMemoryResource
              name = "floppy controller"
              startAddress = "0x3F0"
              lengthInBytes = "0x8"
              accessRights = "rw"
              allowMultipleOwners = "no"
            >
         </ioMemoryResource>
         <ioMemoryResource
              name = "COM1"
              startAddress = "0x3F8"
              lengthInBytes = "0x8"
              accessRights = "rw"
              allowMultipleOwners = "no"
            >
         </ioMemoryResource>
      </ioMemoryResources>
   </resources>
   <periods>
      <period
           periodInSystemTicks = "1"
      ></period>
      <period
           periodInSystemTicks = "2"
      ></period>
      <period
           periodInSystemTicks = "4"
      ></period>
      <period
           periodInSystemTicks = "8"
      ></period>
      <period
           periodInSystemTicks = "16"
      ></period>
      <period
           periodInSystemTicks = "80"
      ></period>
   </periods>
   <schedulers>
      <scheduler
           name = "default-core-0"
           schedulerType = "RMA"
           core = "0"
           requiredPadPoolPerTickUsec = "0"
      ></scheduler>
   </schedulers>
   <windows>
      <window
           durationInUsec = "12500"
           mayStartEarly = "no"
           mayFinishEarly = "no"
           mayUseSlack = "no"
           interruptible = "no"
           interruptWindow = "no"
           userDefinedData = "0"
         >
         <windowScheduler
              schedulerName = "default-core-0"
         ></windowScheduler>
      </window>
   </windows>
   <usernames>
      <username
           name = "default"
           groupname = "default"
           supplementalGroupNames = ""
      ></username>
   </usernames>
   <groupnames>
      <groupname
           name = "default"
      ></groupname>
   </groupnames>
   <files>
      <fileAttributes
           name = "default"
           username = "nobody"
           userAccess = "read, execute"
           groupname = "nogroup"
           groupAccess = "read, execute"
           otherAccess = "read, execute"
      ></fileAttributes>
   </files>
</platform>
