<?xml version = "1.0" encoding="ISO-8859-1"?>
<featureSet
     name = "virtio-net"
     versionNumber = "1.1.0"
     validityKey = "-201618041"
     comment = "This feature provider should be referenced by the registry component of a platform using the QEMU virtio network driver"
     toolVersion = "3.31.0"
     xmlns:xsi = "http://www.w3.org/2001/XMLSchema-instance"
     xsi:noNamespaceSchemaLocation = "ddci:/xsd/fp.xsd"
   >
   <feature
        name = "oncePerPlatform"
        description = "Adds ownership of a resource to the network process template"
      >
      <action
           name = "ownedMemoryMappedResource"
           method = "add"
         >
         <methodParameter
              parameterName = "processTemplate"
              value = "^lwIP^"
         ></methodParameter>
         <methodParameter
              parameterName = "processInstance"
              value = "^Network^"
         ></methodParameter>
         <methodParameter
              parameterName = "name"
              value = "^Virtio Ethernet Shared Memory^"
         ></methodParameter>
         <methodParameter
              parameterName = "accessRights"
              value = "^rw^"
         ></methodParameter>
         <methodParameter
              parameterName = "useResourceConstraints"
              value = "^no^"
         ></methodParameter>
         <methodParameter
              parameterName = "minimumSizeInBytes"
              value = "0"
         ></methodParameter>
         <methodParameter
              parameterName = "maximumSizeInBytes"
              value = "0"
         ></methodParameter>
      </action>
      <action
           name = "ownedMemoryMappedResource"
           method = "add"
         >
         <methodParameter
              parameterName = "processTemplate"
              value = "^lwIP^"
         ></methodParameter>
         <methodParameter
              parameterName = "processInstance"
              value = "^Network^"
         ></methodParameter>
         <methodParameter
              parameterName = "name"
              value = "^Virtio PCI Ethernet Controller^"
         ></methodParameter>
         <methodParameter
              parameterName = "accessRights"
              value = "^rw^"
         ></methodParameter>
         <methodParameter
              parameterName = "useResourceConstraints"
              value = "^no^"
         ></methodParameter>
         <methodParameter
              parameterName = "minimumSizeInBytes"
              value = "0"
         ></methodParameter>
         <methodParameter
              parameterName = "maximumSizeInBytes"
              value = "0"
         ></methodParameter>
      </action>
      <action
           name = "pool"
           method = "adjust"
         >
         <methodParameter
              parameterName = "pagesNeeded"
              value = "6"
         ></methodParameter>
         <methodParameter
              parameterName = "scope"
              value = "processTemplate = ^Network^ and initialPool = ^yes^"
         ></methodParameter>
      </action>
      <action
           name = "ownedInterrupt"
           method = "add"
         >
         <methodParameter
              parameterName = "processTemplate"
              value = "^lwIP^"
         ></methodParameter>
         <methodParameter
              parameterName = "processInstance"
              value = "^Network^"
         ></methodParameter>
         <methodParameter
              parameterName = "name"
              value = "^virtio ethernet^"
         ></methodParameter>
      </action>
   </feature>
</featureSet>
